,Original,Ecce,ConsPD,Geoff
,323.461443,26.675572,29.496775,55.206088
