,nonconj,ecce,ideal,original,geoff
1,0.446913,0.529314,0.454629,0.384409,0.455516
2,0.718615,0.716054,0.718431,0.637894,0.724398
3,0.977069,0.986782,0.989363,0.915931,0.999607
4,1.261080,1.257978,1.271048,1.199782,1.279808
5,1.542637,1.549556,1.529072,1.480767,1.577298
6,1.815604,1.820764,1.835326,1.769714,1.846048
7,2.112135,2.093939,2.115553,2.024979,2.109360
