,nonconj,ecce,ideal,original
1,0.395544,0.393258,0.399864,0.335961
2,0.613679,0.597381,0.607242,0.552069
3,0.832347,0.845519,0.820499,0.777331
4,1.082741,1.083608,1.055054,0.988717
5,1.323175,1.309400,1.285064,1.230171
6,1.587895,1.506459,1.502114,1.441458
7,1.721479,1.719117,1.759525,1.667325
