,nonconj,ecce,ideal,original,geoff
1,2.208829,0.570190,0.600219,1.522855,0.682459
2,7.867021,1.413920,1.438357,5.202586,1.667185
3,16.755837,2.538564,2.569865,10.997112,2.947586
4,29.230630,3.887048,3.891816,18.831223,4.426377
5,45.608629,6.310457,5.618101,29.101932,6.192959
6,65.379920,7.630630,7.632648,41.685442,8.399670
7,88.461807,9.792266,9.785699,56.434811,10.740874
