,Original,ECCE,ConsPD,Geoff
first,3.273332,1.947429,1.056915,1.710613
second,,4.376463,2.842328,4.171207
third,,12.478027,10.108613,43.613327


