,first,second,third
original,2.260616,-,-
nonconj,0.723597,1.652487,3.976215
ecce,1.186538,1.877986,3.530468
