,Original,ECCE,ConsPD,Geoff
FirstPlain,16.634851,17.199374,10.722188,115.970362
FirstNando,14.986743,25.916947,10.648226,101.879530
LastPlain,8.932800,15.951057,10.291289,103.919709
LastNando,13.425351,18.198063,10.207369,103.961685